,Datetime,Open,High,Low,Close,Adj Close,Volume
0,2021-11-03 09:30:00-04:00,150.59800720214844,150.9510955810547,149.85000610351562,150.7100067138672,150.7100067138672,5682459
1,2021-11-03 09:45:00-04:00,150.75,150.89999389648438,150.44000244140625,150.72000122070312,150.72000122070312,2569474
2,2021-11-03 10:00:00-04:00,150.72999572753906,150.80819702148438,150.3623046875,150.5500030517578,150.5500030517578,1782482
3,2021-11-03 10:15:00-04:00,150.5449981689453,150.82000732421875,150.5,150.61500549316406,150.61500549316406,1499438
4,2021-11-03 10:30:00-04:00,150.6199951171875,150.63999938964844,150.27000427246094,150.3708038330078,150.3708038330078,1318991
5,2021-11-03 10:45:00-04:00,150.3708038330078,150.5,150.1103057861328,150.26840209960938,150.26840209960938,1581795
6,2021-11-03 11:00:00-04:00,150.26499938964844,150.52870178222656,150.16000366210938,150.5,150.5,1324402
7,2021-11-03 11:15:00-04:00,150.5,150.5500030517578,150.3000030517578,150.36000061035156,150.36000061035156,1125469
8,2021-11-03 11:30:00-04:00,150.35499572753906,150.52999877929688,150.27000427246094,150.52499389648438,150.52499389648438,857479
9,2021-11-03 11:45:00-04:00,150.52499389648438,150.5800018310547,150.4499969482422,150.51499938964844,150.51499938964844,861287
10,2021-11-03 12:00:00-04:00,150.50999450683594,150.60000610351562,150.42999267578125,150.531005859375,150.531005859375,871456
11,2021-11-03 12:15:00-04:00,150.53819274902344,150.6300048828125,150.52000427246094,150.55999755859375,150.55999755859375,990486
12,2021-11-03 12:30:00-04:00,150.57000732421875,150.6999969482422,150.52999877929688,150.66000366210938,150.66000366210938,796158
13,2021-11-03 12:45:00-04:00,150.65870666503906,150.69000244140625,150.35000610351562,150.37950134277344,150.37950134277344,758751
14,2021-11-03 13:00:00-04:00,150.3800048828125,150.39999389648438,150.22999572753906,150.31500244140625,150.31500244140625,800686
15,2021-11-03 13:15:00-04:00,150.3199005126953,150.3800048828125,150.24000549316406,150.32000732421875,150.32000732421875,612360
16,2021-11-03 13:30:00-04:00,150.3101043701172,150.4499969482422,150.30270385742188,150.38999938964844,150.38999938964844,617552
17,2021-11-03 13:45:00-04:00,150.39199829101562,150.39999389648438,150.19000244140625,150.36000061035156,150.36000061035156,1182477
18,2021-11-03 14:00:00-04:00,150.3699951171875,150.99000549316406,150.2100067138672,150.47999572753906,150.47999572753906,3324198
19,2021-11-03 14:15:00-04:00,150.5,150.8800048828125,150.41000366210938,150.84500122070312,150.84500122070312,1423376
20,2021-11-03 14:30:00-04:00,150.8498992919922,151.07000732421875,150.6199951171875,151.02099609375,151.02099609375,2051315
21,2021-11-03 14:45:00-04:00,151.0200958251953,151.41000366210938,151.0200958251953,151.22000122070312,151.22000122070312,2325553
22,2021-11-03 15:00:00-04:00,151.22000122070312,151.3300018310547,151.0399932861328,151.27000427246094,151.27000427246094,1877867
23,2021-11-03 15:15:00-04:00,151.27000427246094,151.4949951171875,151.2100067138672,151.49000549316406,151.49000549316406,1645314
24,2021-11-03 15:30:00-04:00,151.49000549316406,151.75999450683594,151.3699951171875,151.6999969482422,151.6999969482422,2279341
25,2021-11-03 15:45:00-04:00,151.69000244140625,151.97000122070312,151.41000366210938,151.47999572753906,151.47999572753906,4586729
26,2021-11-04 09:30:00-04:00,151.42999267578125,152.25,151.27999877929688,152.11000061035156,152.11000061035156,6464019
27,2021-11-04 09:45:00-04:00,152.19140625,152.4199981689453,152.0,152.0749969482422,152.0749969482422,3119130
28,2021-11-04 10:00:00-04:00,152.0800018310547,152.10000610351562,151.5500030517578,151.83999633789062,151.83999633789062,2665414
29,2021-11-04 10:15:00-04:00,151.84800720214844,151.99000549316406,151.65530395507812,151.74000549316406,151.74000549316406,2011855
30,2021-11-04 10:30:00-04:00,151.75,151.9600067138672,151.57000732421875,151.72000122070312,151.72000122070312,1937424
31,2021-11-04 10:45:00-04:00,151.72500610351562,151.99000549316406,151.60000610351562,151.9149932861328,151.9149932861328,1891018
32,2021-11-04 11:00:00-04:00,151.9199981689453,151.9499969482422,151.4499969482422,151.48410034179688,151.48410034179688,2348424
33,2021-11-04 11:15:00-04:00,151.47999572753906,151.47999572753906,150.83999633789062,151.10499572753906,151.10499572753906,2761695
34,2021-11-04 11:30:00-04:00,151.11000061035156,151.2698974609375,151.02000427246094,151.19000244140625,151.19000244140625,1980986
35,2021-11-04 11:45:00-04:00,151.19000244140625,151.42999267578125,151.17010498046875,151.3699951171875,151.3699951171875,1790792
36,2021-11-04 12:00:00-04:00,151.3699951171875,151.5850067138672,151.2899932861328,151.5749969482422,151.5749969482422,1196034
37,2021-11-04 12:15:00-04:00,151.57000732421875,151.6699981689453,151.22000122070312,151.32000732421875,151.32000732421875,1478512
38,2021-11-04 12:30:00-04:00,151.31500244140625,151.4199981689453,151.2100067138672,151.3000030517578,151.3000030517578,984317
39,2021-11-04 12:45:00-04:00,151.2899932861328,151.3350067138672,151.14500427246094,151.22000122070312,151.22000122070312,928342
40,2021-11-04 13:00:00-04:00,151.22000122070312,151.24000549316406,151.03500366210938,151.22999572753906,151.22999572753906,1542755
41,2021-11-04 13:15:00-04:00,151.23170471191406,151.27000427246094,151.02000427246094,151.22000122070312,151.22000122070312,1304002
42,2021-11-04 13:30:00-04:00,151.2100067138672,151.4600067138672,151.1699981689453,151.4499969482422,151.4499969482422,1161094
43,2021-11-04 13:45:00-04:00,151.4499969482422,151.57000732421875,151.38999938964844,151.5301055908203,151.5301055908203,1319594
44,2021-11-04 14:00:00-04:00,151.52999877929688,151.5500030517578,151.17999267578125,151.36000061035156,151.36000061035156,1376208
45,2021-11-04 14:15:00-04:00,151.36000061035156,151.3800048828125,151.1300048828125,151.13499450683594,151.13499450683594,1064817
46,2021-11-04 14:30:00-04:00,151.13499450683594,151.35000610351562,151.1199951171875,151.23680114746094,151.23680114746094,1055892
47,2021-11-04 14:45:00-04:00,151.22999572753906,151.36000061035156,151.15499877929688,151.17999267578125,151.17999267578125,1130871
48,2021-11-04 15:00:00-04:00,151.1750030517578,151.44000244140625,151.1300048828125,151.4123992919922,151.4123992919922,1383613
49,2021-11-04 15:15:00-04:00,151.41000366210938,151.49000549316406,151.3300018310547,151.44000244140625,151.44000244140625,1061252
50,2021-11-04 15:30:00-04:00,151.4499969482422,151.5399932861328,151.03500366210938,151.13999938964844,151.13999938964844,1688707
51,2021-11-04 15:45:00-04:00,151.14500427246094,151.44000244140625,150.63999938964844,150.9600067138672,150.9600067138672,4781554
52,2021-11-05 09:30:00-04:00,151.88999938964844,152.19000244140625,151.25999450683594,151.51429748535156,151.51429748535156,7862484
53,2021-11-05 09:45:00-04:00,151.52000427246094,151.73939514160156,151.2449951171875,151.64999389648438,151.64999389648438,2400040
54,2021-11-05 10:00:00-04:00,151.639892578125,151.77999877929688,151.30999755859375,151.55999755859375,151.55999755859375,2450670
55,2021-11-05 10:15:00-04:00,151.55999755859375,151.610107421875,151.1300048828125,151.22999572753906,151.22999572753906,2607431
56,2021-11-05 10:30:00-04:00,151.22000122070312,151.32000732421875,151.01499938964844,151.05499267578125,151.05499267578125,2520454
57,2021-11-05 10:45:00-04:00,151.05999755859375,151.1649932861328,150.80999755859375,151.13299560546875,151.13299560546875,3189099
58,2021-11-05 11:00:00-04:00,151.1300048828125,151.23989868164062,150.86000061035156,151.18499755859375,151.18499755859375,2119926
59,2021-11-05 11:15:00-04:00,151.18499755859375,151.3300018310547,150.88999938964844,150.94960021972656,150.94960021972656,1741075
60,2021-11-05 11:30:00-04:00,150.9499053955078,151.08999633789062,150.9011993408203,151.00999450683594,151.00999450683594,1391343
61,2021-11-05 11:45:00-04:00,151.01499938964844,151.10000610351562,150.85000610351562,150.91259765625,150.91259765625,1296835
62,2021-11-05 12:00:00-04:00,150.91000366210938,151.06500244140625,150.875,150.94500732421875,150.94500732421875,1027638
63,2021-11-05 12:15:00-04:00,150.9499969482422,151.00999450683594,150.8699951171875,150.93499755859375,150.93499755859375,1013208
64,2021-11-05 12:30:00-04:00,150.92999267578125,150.98739624023438,150.57000732421875,150.625,150.625,1539603
65,2021-11-05 12:45:00-04:00,150.6199951171875,150.8300018310547,150.52499389648438,150.80999755859375,150.80999755859375,1149870
66,2021-11-05 13:00:00-04:00,150.82000732421875,150.8699951171875,150.44000244140625,150.52000427246094,150.52000427246094,1168044
67,2021-11-05 13:15:00-04:00,150.52000427246094,150.64999389648438,150.05999755859375,150.08999633789062,150.08999633789062,1617853
68,2021-11-05 13:30:00-04:00,150.08999633789062,150.5,150.05999755859375,150.35000610351562,150.35000610351562,1345522
69,2021-11-05 13:45:00-04:00,150.35000610351562,150.57000732421875,150.19000244140625,150.55099487304688,150.55099487304688,2225959
70,2021-11-05 14:00:00-04:00,150.5500030517578,150.67999267578125,150.41000366210938,150.47999572753906,150.47999572753906,1081830
71,2021-11-05 14:15:00-04:00,150.47999572753906,150.52999877929688,150.19000244140625,150.4499969482422,150.4499969482422,2000356
72,2021-11-05 14:30:00-04:00,150.4499969482422,150.46499633789062,150.22000122070312,150.42010498046875,150.42010498046875,1032336
73,2021-11-05 14:45:00-04:00,150.4250030517578,150.6300048828125,150.40499877929688,150.6199951171875,150.6199951171875,1324669
74,2021-11-05 15:00:00-04:00,150.6199951171875,150.7899932861328,150.34010314941406,150.7799072265625,150.7799072265625,1625092
75,2021-11-05 15:15:00-04:00,150.77499389648438,150.88999938964844,150.6699981689453,150.81500244140625,150.81500244140625,1623756
76,2021-11-05 15:30:00-04:00,150.8177032470703,151.4600067138672,150.81500244140625,151.23500061035156,151.23500061035156,2685590
77,2021-11-05 15:45:00-04:00,151.22999572753906,151.3800048828125,150.9600067138672,151.24000549316406,151.24000549316406,4958557
78,2021-11-08 09:30:00-05:00,151.41000366210938,151.57000732421875,150.73989868164062,150.80189514160156,150.80189514160156,9202279
79,2021-11-08 09:45:00-05:00,150.875,151.10499572753906,150.74000549316406,150.95419311523438,150.95419311523438,6291718
80,2021-11-08 10:00:00-05:00,150.9600067138672,151.4499969482422,150.875,151.14999389648438,151.14999389648438,6083768
81,2021-11-08 10:15:00-05:00,151.14999389648438,151.30499267578125,151.00999450683594,151.02000427246094,151.02000427246094,1637329
82,2021-11-08 10:30:00-05:00,151.02000427246094,151.08999633789062,150.72000122070312,150.88499450683594,150.88499450683594,1678737
83,2021-11-08 10:45:00-05:00,150.88999938964844,150.9600067138672,150.75999450683594,150.76019287109375,150.76019287109375,1478381
84,2021-11-08 11:00:00-05:00,150.75999450683594,150.88900756835938,150.55999755859375,150.64999389648438,150.64999389648438,1517195
85,2021-11-08 11:15:00-05:00,150.64999389648438,150.8000030517578,150.51499938964844,150.6685028076172,150.6685028076172,1509592
86,2021-11-08 11:30:00-05:00,150.66000366210938,150.6999969482422,150.47999572753906,150.5594940185547,150.5594940185547,1104682
87,2021-11-08 11:45:00-05:00,150.5574951171875,150.6199951171875,150.34500122070312,150.4102020263672,150.4102020263672,1218358
88,2021-11-08 12:00:00-05:00,150.41000366210938,150.42999267578125,150.16000366210938,150.3800048828125,150.3800048828125,1416075
89,2021-11-08 12:15:00-05:00,150.38999938964844,150.4499969482422,150.20140075683594,150.4499969482422,150.4499969482422,1658513
90,2021-11-08 12:30:00-05:00,150.44500732421875,150.55999755859375,150.33999633789062,150.47500610351562,150.47500610351562,794789
91,2021-11-08 12:45:00-05:00,150.47999572753906,150.61000061035156,150.4199981689453,150.58999633789062,150.58999633789062,676565
92,2021-11-08 13:00:00-05:00,150.5850067138672,150.86610412597656,150.52999877929688,150.74000549316406,150.74000549316406,1039025
93,2021-11-08 13:15:00-05:00,150.7386932373047,151.00999450683594,150.6999969482422,150.8800048828125,150.8800048828125,1108833
94,2021-11-08 13:30:00-05:00,150.8800048828125,150.9499969482422,150.76499938964844,150.83999633789062,150.83999633789062,796706
95,2021-11-08 13:45:00-05:00,150.83999633789062,150.85719299316406,150.5850067138672,150.58949279785156,150.58949279785156,739398
96,2021-11-08 14:00:00-05:00,150.58189392089844,150.74000549316406,150.53500366210938,150.67999267578125,150.67999267578125,886612
97,2021-11-08 14:15:00-05:00,150.68870544433594,150.8000030517578,150.52000427246094,150.52499389648438,150.52499389648438,869103
98,2021-11-08 14:30:00-05:00,150.52499389648438,150.65499877929688,150.50999450683594,150.63999938964844,150.63999938964844,838025
99,2021-11-08 14:45:00-05:00,150.639892578125,150.6750030517578,150.52999877929688,150.6649932861328,150.6649932861328,757705
100,2021-11-08 15:00:00-05:00,150.6649932861328,150.6649932861328,150.47000122070312,150.5800018310547,150.5800018310547,765523
101,2021-11-08 15:15:00-05:00,150.57000732421875,150.60000610351562,150.4199981689453,150.47500610351562,150.47500610351562,919789
102,2021-11-08 15:30:00-05:00,150.47999572753906,150.6300048828125,150.33999633789062,150.3800048828125,150.3800048828125,1377404
103,2021-11-08 15:45:00-05:00,150.3800048828125,150.57000732421875,150.30999755859375,150.4499969482422,150.4499969482422,3093808
104,2021-11-09 09:30:00-05:00,150.1999969482422,151.3300018310547,150.07000732421875,151.2550048828125,151.2550048828125,7783881
105,2021-11-09 09:45:00-05:00,151.25,151.3488006591797,150.75,150.9600067138672,150.9600067138672,4486134
106,2021-11-09 10:00:00-05:00,150.9499969482422,150.9600067138672,150.14999389648438,150.24139404296875,150.24139404296875,2865780
107,2021-11-09 10:15:00-05:00,150.22999572753906,150.94000244140625,150.1699981689453,150.6300048828125,150.6300048828125,2569778
108,2021-11-09 10:30:00-05:00,150.6300048828125,151.1999969482422,150.5800018310547,151.06680297851562,151.06680297851562,2038505
109,2021-11-09 10:45:00-05:00,151.07000732421875,151.0800018310547,150.77999877929688,150.86500549316406,150.86500549316406,1631488
110,2021-11-09 11:00:00-05:00,150.8699951171875,151.1699981689453,150.63999938964844,150.875,150.875,1552784
111,2021-11-09 11:15:00-05:00,150.875,150.97999572753906,150.5749969482422,150.61000061035156,150.61000061035156,1270960
112,2021-11-09 11:30:00-05:00,150.61500549316406,151.06900024414062,150.61000061035156,151.05499267578125,151.05499267578125,1211251
113,2021-11-09 11:45:00-05:00,151.0500030517578,151.05999755859375,150.73800659179688,150.87840270996094,150.87840270996094,1139938
114,2021-11-09 12:00:00-05:00,150.875,150.88999938964844,150.5,150.75,150.75,1715864
115,2021-11-09 12:15:00-05:00,150.75999450683594,150.82000732421875,150.58999633789062,150.6999969482422,150.6999969482422,1153924
116,2021-11-09 12:30:00-05:00,150.6999969482422,151.0399932861328,150.64500427246094,151.02130126953125,151.02130126953125,1318555
117,2021-11-09 12:45:00-05:00,151.0388946533203,151.24000549316406,150.99000549316406,151.01010131835938,151.01010131835938,1331114
118,2021-11-09 13:00:00-05:00,151.01499938964844,151.14999389648438,151.0,151.02999877929688,151.02999877929688,962815
119,2021-11-09 13:15:00-05:00,151.02999877929688,151.22000122070312,150.9550018310547,151.0050048828125,151.0050048828125,902727
120,2021-11-09 13:30:00-05:00,151.00999450683594,151.14500427246094,150.89999389648438,150.97000122070312,150.97000122070312,769639
121,2021-11-09 13:45:00-05:00,150.97000122070312,151.0399932861328,150.5449981689453,150.7100067138672,150.7100067138672,1276742
122,2021-11-09 14:00:00-05:00,150.6999969482422,150.8300018310547,150.61500549316406,150.7050018310547,150.7050018310547,1092864
123,2021-11-09 14:15:00-05:00,150.7050018310547,150.82989501953125,150.6199951171875,150.6999969482422,150.6999969482422,961646
124,2021-11-09 14:30:00-05:00,150.6999969482422,150.9499969482422,150.66000366210938,150.8800048828125,150.8800048828125,954121
125,2021-11-09 14:45:00-05:00,150.88999938964844,150.97999572753906,150.781005859375,150.8249969482422,150.8249969482422,878805
126,2021-11-09 15:00:00-05:00,150.82000732421875,150.89999389648438,150.64999389648438,150.6999969482422,150.6999969482422,983681
127,2021-11-09 15:15:00-05:00,150.6999969482422,150.77999877929688,150.625,150.6699981689453,150.6699981689453,1226016
128,2021-11-09 15:30:00-05:00,150.6699981689453,151.02499389648438,150.64500427246094,150.88999938964844,150.88999938964844,1577172
129,2021-11-09 15:45:00-05:00,150.88209533691406,151.1300048828125,150.67999267578125,150.8300018310547,150.8300018310547,3182775
130,2021-11-10 09:30:00-05:00,150.02000427246094,150.1300048828125,147.98500061035156,148.77000427246094,148.77000427246094,10483916
131,2021-11-10 09:45:00-05:00,148.52000427246094,149.22999572753906,148.21499633789062,149.02000427246094,149.02000427246094,6071644
132,2021-11-10 10:00:00-05:00,149.02999877929688,149.39999389648438,148.85000610351562,149.35000610351562,149.35000610351562,2567595
133,2021-11-10 10:15:00-05:00,149.35110473632812,149.61000061035156,148.9600067138672,149.00999450683594,149.00999450683594,2171057
134,2021-11-10 10:30:00-05:00,149.01499938964844,149.17999267578125,148.72000122070312,148.8249969482422,148.8249969482422,2021816
135,2021-11-10 10:45:00-05:00,148.8249969482422,149.11000061035156,148.8249969482422,148.97000122070312,148.97000122070312,1298335
136,2021-11-10 11:00:00-05:00,148.97500610351562,149.07769775390625,148.7899932861328,148.92999267578125,148.92999267578125,1336485
137,2021-11-10 11:15:00-05:00,148.9199981689453,148.99000549316406,148.75010681152344,148.86000061035156,148.86000061035156,1202973
138,2021-11-10 11:30:00-05:00,148.86500549316406,148.94500732421875,148.67999267578125,148.74310302734375,148.74310302734375,1265248
139,2021-11-10 11:45:00-05:00,148.7449951171875,149.0800018310547,148.72999572753906,149.07000732421875,149.07000732421875,1051540
140,2021-11-10 12:00:00-05:00,149.07000732421875,149.19000244140625,149.00999450683594,149.07969665527344,149.07969665527344,1065497
141,2021-11-10 12:15:00-05:00,149.0800018310547,149.10000610351562,148.94000244140625,148.97999572753906,148.97999572753906,793863
142,2021-11-10 12:30:00-05:00,148.97999572753906,149.0800018310547,148.82000732421875,148.87750244140625,148.87750244140625,791452
143,2021-11-10 12:45:00-05:00,148.8800048828125,149.17999267578125,148.7949981689453,149.17999267578125,149.17999267578125,1058520
144,2021-11-10 13:00:00-05:00,149.1699981689453,149.17999267578125,148.55999755859375,148.57000732421875,148.57000732421875,1890725
145,2021-11-10 13:15:00-05:00,148.57000732421875,148.91000366210938,148.52499389648438,148.82699584960938,148.82699584960938,1339502
146,2021-11-10 13:30:00-05:00,148.82859802246094,148.89999389648438,148.58999633789062,148.6407928466797,148.6407928466797,964470
147,2021-11-10 13:45:00-05:00,148.64999389648438,148.6699981689453,148.3300018310547,148.5050048828125,148.5050048828125,1618873
148,2021-11-10 14:00:00-05:00,148.5,148.52999877929688,148.3000030517578,148.31500244140625,148.31500244140625,1322084
149,2021-11-10 14:15:00-05:00,148.31390380859375,148.5,148.1699981689453,148.17990112304688,148.17990112304688,1591115
150,2021-11-10 14:30:00-05:00,148.17999267578125,148.36000061035156,147.93299865722656,147.9600067138672,147.9600067138672,2340978
151,2021-11-10 14:45:00-05:00,147.97000122070312,148.3699951171875,147.96499633789062,148.14999389648438,148.14999389648438,1821232
152,2021-11-10 15:00:00-05:00,148.16000366210938,148.22999572753906,147.97999572753906,148.0500030517578,148.0500030517578,1637324
153,2021-11-10 15:15:00-05:00,148.0399932861328,148.25,148.0,148.05499267578125,148.05499267578125,1887494
154,2021-11-10 15:30:00-05:00,148.05499267578125,148.29750061035156,147.9499969482422,147.9600067138672,147.9600067138672,2275597
155,2021-11-10 15:45:00-05:00,147.9600067138672,148.25,147.85000610351562,147.9199981689453,147.9199981689453,4888634
156,2021-11-11 09:30:00-05:00,148.67999267578125,149.42999267578125,148.22000122070312,148.22000122070312,148.22000122070312,4982122
157,2021-11-11 09:45:00-05:00,148.17999267578125,148.75,148.16000366210938,148.6699981689453,148.6699981689453,2250878
158,2021-11-11 10:00:00-05:00,148.67999267578125,148.67999267578125,148.1699981689453,148.32000732421875,148.32000732421875,1794363
159,2021-11-11 10:15:00-05:00,148.32269287109375,148.47000122070312,148.2100067138672,148.42999267578125,148.42999267578125,1517191
160,2021-11-11 10:30:00-05:00,148.42999267578125,148.66000366210938,148.25999450683594,148.61000061035156,148.61000061035156,1726783
161,2021-11-11 10:45:00-05:00,148.61000061035156,148.64999389648438,148.36000061035156,148.375,148.375,1134353
162,2021-11-11 11:00:00-05:00,148.3800048828125,148.4600067138672,148.16000366210938,148.22500610351562,148.22500610351562,1141104
163,2021-11-11 11:15:00-05:00,148.22000122070312,148.375,148.16000366210938,148.32000732421875,148.32000732421875,1131291
164,2021-11-11 11:30:00-05:00,148.32899475097656,148.57000732421875,148.27000427246094,148.49330139160156,148.49330139160156,1293196
165,2021-11-11 11:45:00-05:00,148.5,148.5,148.22999572753906,148.26300048828125,148.26300048828125,949924
166,2021-11-11 12:00:00-05:00,148.26890563964844,148.3000030517578,147.97000122070312,147.9949951171875,147.9949951171875,1363932
167,2021-11-11 12:15:00-05:00,148.0,148.10000610351562,147.8699951171875,148.02000427246094,148.02000427246094,1129855
168,2021-11-11 12:30:00-05:00,148.02000427246094,148.1199951171875,147.97999572753906,148.08819580078125,148.08819580078125,846165
169,2021-11-11 12:45:00-05:00,148.0800018310547,148.0977020263672,147.89999389648438,147.97999572753906,147.97999572753906,897821
170,2021-11-11 13:00:00-05:00,147.97500610351562,147.97520446777344,147.68099975585938,147.80999755859375,147.80999755859375,1136689
171,2021-11-11 13:15:00-05:00,147.80499267578125,147.89999389648438,147.69000244140625,147.7899932861328,147.7899932861328,966237
172,2021-11-11 13:30:00-05:00,147.77999877929688,147.83999633789062,147.7050018310547,147.82000732421875,147.82000732421875,826029
173,2021-11-11 13:45:00-05:00,147.82020568847656,147.86000061035156,147.77000427246094,147.84649658203125,147.84649658203125,611431
174,2021-11-11 14:00:00-05:00,147.84500122070312,148.02999877929688,147.80999755859375,148.02000427246094,148.02000427246094,1473527
175,2021-11-11 14:15:00-05:00,148.02999877929688,148.0800018310547,147.9199981689453,147.93499755859375,147.93499755859375,759275
176,2021-11-11 14:30:00-05:00,147.9362030029297,148.3000030517578,147.9300994873047,148.2050018310547,148.2050018310547,1166693
177,2021-11-11 14:45:00-05:00,148.20899963378906,148.3000030517578,148.05999755859375,148.0601043701172,148.0601043701172,1013798
178,2021-11-11 15:00:00-05:00,148.05999755859375,148.1199951171875,147.82000732421875,147.9199981689453,147.9199981689453,1234983
179,2021-11-11 15:15:00-05:00,147.9199981689453,148.0399932861328,147.91000366210938,147.99000549316406,147.99000549316406,871668
180,2021-11-11 15:30:00-05:00,147.9949951171875,148.06500244140625,147.91000366210938,147.96499633789062,147.96499633789062,943086
181,2021-11-11 15:45:00-05:00,147.9600067138672,148.14999389648438,147.75999450683594,147.8699951171875,147.8699951171875,3702442
182,2021-11-12 09:30:00-05:00,148.42999267578125,148.5,147.49000549316406,147.63999938964844,147.63999938964844,4797807
183,2021-11-12 09:45:00-05:00,147.55499267578125,148.13999938964844,147.55499267578125,147.97999572753906,147.97999572753906,4591167
184,2021-11-12 10:00:00-05:00,147.99000549316406,148.1999969482422,147.77000427246094,147.8773956298828,147.8773956298828,2005588
185,2021-11-12 10:15:00-05:00,147.875,148.35499572753906,147.77999877929688,148.25,148.25,1966086
186,2021-11-12 10:30:00-05:00,148.25999450683594,148.55999755859375,148.1199951171875,148.52499389648438,148.52499389648438,1701861
187,2021-11-12 10:45:00-05:00,148.5290069580078,148.77789306640625,148.4600067138672,148.57000732421875,148.57000732421875,1920140
188,2021-11-12 11:00:00-05:00,148.57000732421875,149.11000061035156,148.52000427246094,149.0800018310547,149.0800018310547,2579755
189,2021-11-12 11:15:00-05:00,149.07009887695312,150.05499267578125,149.07000732421875,149.94500732421875,149.94500732421875,5290147
190,2021-11-12 11:30:00-05:00,149.9499969482422,150.08999633789062,149.77999877929688,149.83999633789062,149.83999633789062,2197764
191,2021-11-12 11:45:00-05:00,149.8300018310547,150.00999450683594,149.65499877929688,149.8000030517578,149.8000030517578,2120673
192,2021-11-12 12:00:00-05:00,149.80499267578125,149.8800048828125,149.61000061035156,149.72000122070312,149.72000122070312,1384839
193,2021-11-12 12:15:00-05:00,149.72000122070312,149.85499572753906,149.625,149.79010009765625,149.79010009765625,1027571
194,2021-11-12 12:30:00-05:00,149.7899932861328,149.8300018310547,149.6999969482422,149.7239990234375,149.7239990234375,786259
195,2021-11-12 12:45:00-05:00,149.72000122070312,149.8300018310547,149.5500030517578,149.5749969482422,149.5749969482422,1245733
196,2021-11-12 13:00:00-05:00,149.5749969482422,149.6199951171875,149.29200744628906,149.5850067138672,149.5850067138672,4210634
197,2021-11-12 13:15:00-05:00,149.5850067138672,149.7698974609375,149.5,149.69000244140625,149.69000244140625,972364
198,2021-11-12 13:30:00-05:00,149.6999969482422,149.9600067138672,149.6750030517578,149.8800048828125,149.8800048828125,1429999
199,2021-11-12 13:45:00-05:00,149.87449645996094,149.94000244140625,149.74000549316406,149.94000244140625,149.94000244140625,1703931
200,2021-11-12 14:00:00-05:00,149.93499755859375,149.97999572753906,149.77999877929688,149.97000122070312,149.97000122070312,1042284
201,2021-11-12 14:15:00-05:00,149.97500610351562,150.02999877929688,149.75,149.75999450683594,149.75999450683594,1227724
202,2021-11-12 14:30:00-05:00,149.75999450683594,149.91000366210938,149.74000549316406,149.87820434570312,149.87820434570312,856499
203,2021-11-12 14:45:00-05:00,149.8800048828125,150.02000427246094,149.86000061035156,149.89999389648438,149.89999389648438,965512
204,2021-11-12 15:00:00-05:00,149.89999389648438,150.0500030517578,149.75,150.0399932861328,150.0399932861328,1366453
205,2021-11-12 15:15:00-05:00,150.0399932861328,150.19000244140625,149.9611053466797,150.1750030517578,150.1750030517578,1659349
206,2021-11-12 15:30:00-05:00,150.17999267578125,150.39999389648438,150.0,150.0,150.0,2336037
207,2021-11-12 15:45:00-05:00,150.0,150.07000732421875,149.84500122070312,149.99000549316406,149.99000549316406,4001502
208,2021-11-15 09:30:00-05:00,150.3699951171875,151.84710693359375,150.2899932861328,151.43919372558594,151.43919372558594,7376972
209,2021-11-15 09:45:00-05:00,151.5,151.58999633789062,150.88999938964844,150.9550018310547,150.9550018310547,3398554
210,2021-11-15 10:00:00-05:00,150.9600067138672,151.00999450683594,150.47000122070312,150.49000549316406,150.49000549316406,2219945
211,2021-11-15 10:15:00-05:00,150.49769592285156,150.5399932861328,150.25,150.44090270996094,150.44090270996094,2421437
212,2021-11-15 10:30:00-05:00,150.44000244140625,150.9199981689453,150.32000732421875,150.42999267578125,150.42999267578125,2344797
213,2021-11-15 10:45:00-05:00,150.42999267578125,150.50999450683594,150.29100036621094,150.3300018310547,150.3300018310547,1495420
214,2021-11-15 11:00:00-05:00,150.32000732421875,150.52999877929688,150.2100067138672,150.31500244140625,150.31500244140625,1516323
215,2021-11-15 11:15:00-05:00,150.32000732421875,150.41000366210938,149.9550018310547,150.05999755859375,150.05999755859375,1514008
216,2021-11-15 11:30:00-05:00,150.0500946044922,150.3000030517578,149.47000122070312,149.5399932861328,149.5399932861328,2073124
217,2021-11-15 11:45:00-05:00,149.52999877929688,149.82000732421875,149.42999267578125,149.7799072265625,149.7799072265625,1682869
218,2021-11-15 12:00:00-05:00,149.77000427246094,150.0,149.6699981689453,149.92999267578125,149.92999267578125,1087065
219,2021-11-15 12:15:00-05:00,149.9199981689453,149.9600067138672,149.5399932861328,149.66990661621094,149.66990661621094,1697590
220,2021-11-15 12:30:00-05:00,149.6667022705078,150.23609924316406,149.65499877929688,150.19500732421875,150.19500732421875,1557865
221,2021-11-15 12:45:00-05:00,150.19479370117188,150.19500732421875,149.9720001220703,150.0399932861328,150.0399932861328,823347
222,2021-11-15 13:00:00-05:00,150.0399932861328,150.13999938964844,149.92999267578125,150.02999877929688,150.02999877929688,738708
223,2021-11-15 13:15:00-05:00,150.02999877929688,150.1300048828125,149.91000366210938,150.02999877929688,150.02999877929688,921609
224,2021-11-15 13:30:00-05:00,150.02999877929688,150.1300048828125,149.88999938964844,149.97000122070312,149.97000122070312,801728
225,2021-11-15 13:45:00-05:00,149.97000122070312,150.1300048828125,149.89999389648438,149.9149932861328,149.9149932861328,753611
226,2021-11-15 14:00:00-05:00,149.9199981689453,149.9600067138672,149.75999450683594,149.9199981689453,149.9199981689453,1165753
227,2021-11-15 14:15:00-05:00,149.9199981689453,149.93499755859375,149.8000030517578,149.875,149.875,780072
228,2021-11-15 14:30:00-05:00,149.875,150.1300048828125,149.8300018310547,150.10000610351562,150.10000610351562,828081
229,2021-11-15 14:45:00-05:00,150.08999633789062,150.2050018310547,149.9499969482422,149.9949951171875,149.9949951171875,905914
230,2021-11-15 15:00:00-05:00,149.99000549316406,150.00999450683594,149.89999389648438,149.97999572753906,149.97999572753906,905003
231,2021-11-15 15:15:00-05:00,149.97000122070312,150.25,149.96499633789062,150.2200927734375,150.2200927734375,2014120
232,2021-11-15 15:30:00-05:00,150.22999572753906,150.25999450683594,149.85000610351562,149.89999389648438,149.89999389648438,1485590
233,2021-11-15 15:45:00-05:00,149.89999389648438,150.0,149.75,150.0,150.0,3718321
234,2021-11-16 09:30:00-05:00,149.94000244140625,150.38999938964844,149.65260314941406,150.1699981689453,150.1699981689453,5041050
235,2021-11-16 09:45:00-05:00,149.9375,150.0800018310547,149.67999267578125,149.84500122070312,149.84500122070312,3973699
236,2021-11-16 10:00:00-05:00,149.83999633789062,149.89999389648438,149.52999877929688,149.5800018310547,149.5800018310547,2015952
237,2021-11-16 10:15:00-05:00,149.5800018310547,149.75,149.33999633789062,149.3699951171875,149.3699951171875,1864533
238,2021-11-16 10:30:00-05:00,149.3699951171875,149.6699981689453,149.3426971435547,149.61000061035156,149.61000061035156,1206451
239,2021-11-16 10:45:00-05:00,149.61500549316406,149.8177032470703,149.4600067138672,149.67999267578125,149.67999267578125,1797356
240,2021-11-16 11:00:00-05:00,149.6750030517578,150.47999572753906,149.66270446777344,150.4499969482422,150.4499969482422,2458969
241,2021-11-16 11:15:00-05:00,150.45120239257812,151.28500366210938,150.4499969482422,151.0850067138672,151.0850067138672,3491362
242,2021-11-16 11:30:00-05:00,151.08999633789062,151.3699951171875,150.99000549316406,151.01499938964844,151.01499938964844,3609853
243,2021-11-16 11:45:00-05:00,151.02000427246094,151.2180938720703,150.88999938964844,151.1699981689453,151.1699981689453,1680513
244,2021-11-16 12:00:00-05:00,151.17999267578125,151.36990356445312,151.10000610351562,151.34500122070312,151.34500122070312,1382981
245,2021-11-16 12:15:00-05:00,151.35000610351562,151.48800659179688,151.0800018310547,151.1300048828125,151.1300048828125,1781459
246,2021-11-16 12:30:00-05:00,151.1273956298828,151.36500549316406,151.05999755859375,151.15499877929688,151.15499877929688,1292351
247,2021-11-16 12:45:00-05:00,151.14999389648438,151.25,151.10000610351562,151.15499877929688,151.15499877929688,806566
248,2021-11-16 13:00:00-05:00,151.13999938964844,151.27499389648438,151.02999877929688,151.07000732421875,151.07000732421875,915850
249,2021-11-16 13:15:00-05:00,151.07000732421875,151.1699981689453,151.0,151.0675048828125,151.0675048828125,858355
250,2021-11-16 13:30:00-05:00,151.06500244140625,151.25,151.0500030517578,151.22500610351562,151.22500610351562,1094993
251,2021-11-16 13:45:00-05:00,151.23500061035156,151.47000122070312,151.2100067138672,151.38499450683594,151.38499450683594,1406524
252,2021-11-16 14:00:00-05:00,151.38999938964844,151.47000122070312,151.3000030517578,151.375,151.375,971109
253,2021-11-16 14:15:00-05:00,151.375,151.3800048828125,151.05999755859375,151.14100646972656,151.14100646972656,1115798
254,2021-11-16 14:30:00-05:00,151.14999389648438,151.1999969482422,150.94000244140625,150.97000122070312,150.97000122070312,944253
255,2021-11-16 14:45:00-05:00,150.97000122070312,151.13999938964844,150.97000122070312,151.02999877929688,151.02999877929688,1003323
256,2021-11-16 15:00:00-05:00,151.02999877929688,151.10000610351562,150.80499267578125,151.02000427246094,151.02000427246094,1030774
257,2021-11-16 15:15:00-05:00,151.00999450683594,151.08999633789062,150.8800048828125,151.04949951171875,151.04949951171875,1101468
258,2021-11-16 15:30:00-05:00,151.0399932861328,151.2469940185547,151.02499389648438,151.1199951171875,151.1199951171875,1765538
259,2021-11-16 15:45:00-05:00,151.11000061035156,151.25,150.9199981689453,151.0,151.0,3393033
260,2021-11-17 09:30:00-05:00,150.9949951171875,152.66000366210938,150.99000549316406,152.63999938964844,152.63999938964844,7667070
261,2021-11-17 09:45:00-05:00,152.75,152.7655029296875,151.7050018310547,152.07000732421875,152.07000732421875,4743356
262,2021-11-17 10:00:00-05:00,152.0800018310547,152.7050018310547,152.05450439453125,152.52000427246094,152.52000427246094,3795786
263,2021-11-17 10:15:00-05:00,152.50999450683594,152.77999877929688,152.1999969482422,152.50999450683594,152.50999450683594,3700621
264,2021-11-17 10:30:00-05:00,152.50999450683594,152.5500030517578,152.1999969482422,152.41000366210938,152.41000366210938,1639547
265,2021-11-17 10:45:00-05:00,152.41000366210938,152.6300048828125,152.34910583496094,152.61500549316406,152.61500549316406,1690530
266,2021-11-17 11:00:00-05:00,152.6186981201172,153.93499755859375,152.60499572753906,153.7884063720703,153.7884063720703,6334514
267,2021-11-17 11:15:00-05:00,153.77999877929688,154.48500061035156,153.77000427246094,154.37289428710938,154.37289428710938,5304013
268,2021-11-17 11:30:00-05:00,154.3699951171875,154.74000549316406,154.19000244140625,154.62789916992188,154.62789916992188,3921671
269,2021-11-17 11:45:00-05:00,154.625,155.0,154.4499969482422,154.98500061035156,154.98500061035156,3512898
270,2021-11-17 12:00:00-05:00,154.98500061035156,155.0,154.3000030517578,154.43499755859375,154.43499755859375,3633936
271,2021-11-17 12:15:00-05:00,154.42999267578125,154.44000244140625,153.77000427246094,154.10499572753906,154.10499572753906,3265668
272,2021-11-17 12:30:00-05:00,154.11000061035156,154.7194061279297,154.10000610351562,154.52000427246094,154.52000427246094,2413096
273,2021-11-17 12:45:00-05:00,154.51499938964844,154.51499938964844,153.7949981689453,154.0050048828125,154.0050048828125,2065300
274,2021-11-17 13:00:00-05:00,154.00999450683594,154.22500610351562,153.73500061035156,153.89999389648438,153.89999389648438,1902073
275,2021-11-17 13:15:00-05:00,153.8975067138672,154.4199981689453,153.8509979248047,154.36000061035156,154.36000061035156,1769647
276,2021-11-17 13:30:00-05:00,154.36000061035156,154.52999877929688,154.25999450683594,154.43099975585938,154.43099975585938,1689012
277,2021-11-17 13:45:00-05:00,154.43409729003906,154.5449981689453,154.25,154.29010009765625,154.29010009765625,1342831
278,2021-11-17 14:00:00-05:00,154.2949981689453,154.5449981689453,154.27000427246094,154.4691925048828,154.4691925048828,1602880
279,2021-11-17 14:15:00-05:00,154.4600067138672,154.47999572753906,154.02000427246094,154.19000244140625,154.19000244140625,1547864
280,2021-11-17 14:30:00-05:00,154.18099975585938,154.18099975585938,153.85000610351562,153.89500427246094,153.89500427246094,1367695
281,2021-11-17 14:45:00-05:00,153.8800048828125,154.11990356445312,153.77999877929688,154.11000061035156,154.11000061035156,2095851
282,2021-11-17 15:00:00-05:00,154.10499572753906,154.11000061035156,153.64999389648438,153.89329528808594,153.89329528808594,1472659
283,2021-11-17 15:15:00-05:00,153.97000122070312,154.17999267578125,153.77499389648438,153.89999389648438,153.89999389648438,2533925
284,2021-11-17 15:30:00-05:00,153.88999938964844,154.06820678710938,153.8699951171875,153.95700073242188,153.95700073242188,1718051
285,2021-11-17 15:45:00-05:00,153.9550018310547,154.27000427246094,153.33999633789062,153.64999389648438,153.64999389648438,7516321
286,2021-11-18 09:30:00-05:00,153.7100067138672,154.0,153.17999267578125,153.86000061035156,153.86000061035156,19685810
287,2021-11-18 09:45:00-05:00,153.875,154.5399932861328,153.83999633789062,154.41990661621094,154.41990661621094,4491848
288,2021-11-18 10:00:00-05:00,154.4149932861328,154.5800018310547,153.72999572753906,154.17999267578125,154.17999267578125,3375497
289,2021-11-18 10:15:00-05:00,154.1699981689453,154.4600067138672,153.55999755859375,154.1699981689453,154.1699981689453,3165508
290,2021-11-18 10:30:00-05:00,154.1750030517578,154.49000549316406,153.97999572753906,154.07000732421875,154.07000732421875,2498568
291,2021-11-18 10:45:00-05:00,154.0688934326172,154.3800048828125,154.02000427246094,154.16000366210938,154.16000366210938,2033011
292,2021-11-18 11:00:00-05:00,154.14999389648438,154.36000061035156,153.8800048828125,154.2550048828125,154.2550048828125,1792560
293,2021-11-18 11:15:00-05:00,154.25999450683594,154.44000244140625,154.0800018310547,154.0800018310547,154.0800018310547,1284142
294,2021-11-18 11:30:00-05:00,154.0800018310547,154.77999877929688,154.05999755859375,154.6699981689453,154.6699981689453,3012662
295,2021-11-18 11:45:00-05:00,154.67990112304688,154.8699951171875,154.5800018310547,154.6300048828125,154.6300048828125,1948093
296,2021-11-18 12:00:00-05:00,154.6300048828125,154.9600067138672,154.5399932861328,154.9499969482422,154.9499969482422,1747679
297,2021-11-18 12:15:00-05:00,154.94479370117188,156.5399932861328,154.71499633789062,156.4990997314453,156.4990997314453,7773911
298,2021-11-18 12:30:00-05:00,156.5050048828125,157.8699951171875,155.97500610351562,157.3800048828125,157.3800048828125,15644189
299,2021-11-18 12:45:00-05:00,157.3800048828125,157.75,156.66000366210938,157.21499633789062,157.21499633789062,7487829
300,2021-11-18 13:00:00-05:00,157.21499633789062,157.57000732421875,156.6999969482422,157.52499389648438,157.52499389648438,4444702
301,2021-11-18 13:15:00-05:00,157.52499389648438,157.75,157.14999389648438,157.43499755859375,157.43499755859375,3789742
302,2021-11-18 13:30:00-05:00,157.42999267578125,157.6300048828125,157.27999877929688,157.42999267578125,157.42999267578125,2410192
303,2021-11-18 13:45:00-05:00,157.4250030517578,157.77000427246094,157.33999633789062,157.50120544433594,157.50120544433594,3055871
304,2021-11-18 14:00:00-05:00,157.5,158.39999389648438,157.39039611816406,158.32009887695312,158.32009887695312,5846108
305,2021-11-18 14:15:00-05:00,158.3249969482422,158.3249969482422,157.85000610351562,157.93670654296875,157.93670654296875,3826162
306,2021-11-18 14:30:00-05:00,157.93099975585938,158.0,157.3699951171875,157.48500061035156,157.48500061035156,3000721
307,2021-11-18 14:45:00-05:00,157.47999572753906,157.8300018310547,157.47000122070312,157.63999938964844,157.63999938964844,2103166
308,2021-11-18 15:00:00-05:00,157.63999938964844,157.97999572753906,157.60000610351562,157.8249969482422,157.8249969482422,3461362
309,2021-11-18 15:15:00-05:00,157.8249969482422,157.9600067138672,157.61000061035156,157.9084930419922,157.9084930419922,2119636
310,2021-11-18 15:30:00-05:00,157.90499877929688,158.5,157.8350067138672,158.25999450683594,158.25999450683594,4758706
311,2021-11-18 15:45:00-05:00,158.25,158.6699981689453,157.6999969482422,157.88999938964844,157.88999938964844,11023840
312,2021-11-19 09:30:00-05:00,157.64999389648438,158.22999572753906,156.53280639648438,157.88999938964844,157.88999938964844,15771200
313,2021-11-19 09:45:00-05:00,158.0,159.02000427246094,157.35000610351562,158.94500732421875,158.94500732421875,6524504
314,2021-11-19 10:00:00-05:00,158.94500732421875,159.0,158.25,158.4687957763672,158.4687957763672,5180334
315,2021-11-19 10:15:00-05:00,158.47000122070312,158.84649658203125,158.07000732421875,158.16000366210938,158.16000366210938,3729984
316,2021-11-19 10:30:00-05:00,158.15499877929688,159.13999938964844,158.14999389648438,159.00999450683594,159.00999450683594,3223194
317,2021-11-19 10:45:00-05:00,159.01499938964844,159.19000244140625,158.6999969482422,158.98500061035156,158.98500061035156,3136147
318,2021-11-19 11:00:00-05:00,158.99000549316406,159.92999267578125,158.86000061035156,159.7698974609375,159.7698974609375,5289183
319,2021-11-19 11:15:00-05:00,159.76499938964844,159.9550018310547,159.57000732421875,159.84979248046875,159.84979248046875,3663652
320,2021-11-19 11:30:00-05:00,159.85000610351562,160.0,159.54010009765625,159.75,159.75,4104090
321,2021-11-19 11:45:00-05:00,159.75,160.1699981689453,159.58999633789062,159.8699951171875,159.8699951171875,5269549
322,2021-11-19 12:00:00-05:00,159.86000061035156,160.14999389648438,159.69000244140625,160.08990478515625,160.08990478515625,2759172
323,2021-11-19 12:15:00-05:00,160.0850067138672,160.11000061035156,159.7949981689453,159.9250030517578,159.9250030517578,2066575
324,2021-11-19 12:30:00-05:00,159.9268035888672,159.97000122070312,159.6999969482422,159.8249969482422,159.8249969482422,2268168
325,2021-11-19 12:45:00-05:00,159.8300018310547,160.35000610351562,159.82000732421875,160.28660583496094,160.28660583496094,3287595
326,2021-11-19 13:00:00-05:00,160.28500366210938,160.5500030517578,159.9801025390625,160.135498046875,160.135498046875,3361947
327,2021-11-19 13:15:00-05:00,160.1300048828125,160.32000732421875,159.92999267578125,159.9550018310547,159.9550018310547,2927683
328,2021-11-19 13:30:00-05:00,159.9550018310547,160.2799072265625,159.77000427246094,160.0272979736328,160.0272979736328,2459858
329,2021-11-19 13:45:00-05:00,160.02999877929688,160.72000122070312,159.9600067138672,160.69000244140625,160.69000244140625,3199455
330,2021-11-19 14:00:00-05:00,160.6999969482422,160.75,160.33999633789062,160.6300048828125,160.6300048828125,3029870
331,2021-11-19 14:15:00-05:00,160.63999938964844,160.83999633789062,160.5334014892578,160.71490478515625,160.71490478515625,2586576
332,2021-11-19 14:30:00-05:00,160.71499633789062,160.77000427246094,160.51100158691406,160.6199951171875,160.6199951171875,2388068
333,2021-11-19 14:45:00-05:00,160.61500549316406,160.6199951171875,160.3000030517578,160.51499938964844,160.51499938964844,2168173
334,2021-11-19 15:00:00-05:00,160.51499938964844,160.6199951171875,160.16000366210938,160.1999969482422,160.1999969482422,2747459
335,2021-11-19 15:15:00-05:00,160.1999969482422,160.5,160.10000610351562,160.49000549316406,160.49000549316406,3225053
336,2021-11-19 15:30:00-05:00,160.47999572753906,161.02000427246094,160.43499755859375,160.89500427246094,160.89500427246094,4745474
337,2021-11-19 15:45:00-05:00,160.89500427246094,160.9199981689453,160.24000549316406,160.55999755859375,160.55999755859375,7952316
338,2021-11-22 09:30:00-05:00,162.33999633789062,163.69000244140625,162.07000732421875,163.69000244140625,163.69000244140625,15503870
339,2021-11-22 09:45:00-05:00,163.42999267578125,164.77999877929688,163.33999633789062,164.69000244140625,164.69000244140625,8351327
340,2021-11-22 10:00:00-05:00,164.6699981689453,165.33999633789062,164.63999938964844,165.25999450683594,165.25999450683594,10147756
341,2021-11-22 10:15:00-05:00,165.25999450683594,165.6999969482422,165.1750030517578,165.30999755859375,165.30999755859375,6683435
342,2021-11-22 10:30:00-05:00,165.30250549316406,165.58999633789062,164.52000427246094,164.75,164.75,5373243
343,2021-11-22 10:45:00-05:00,164.7550048828125,165.39999389648438,164.6300048828125,164.74000549316406,164.74000549316406,4285421
344,2021-11-22 11:00:00-05:00,164.74249267578125,164.75,163.97000122070312,164.47000122070312,164.47000122070312,4587767
345,2021-11-22 11:15:00-05:00,164.47999572753906,164.88999938964844,164.36000061035156,164.43499755859375,164.43499755859375,3501353
346,2021-11-22 11:30:00-05:00,164.42210388183594,165.0500030517578,164.4199981689453,164.99000549316406,164.99000549316406,3638253
347,2021-11-22 11:45:00-05:00,164.98500061035156,165.22000122070312,163.0399932861328,163.5399932861328,163.5399932861328,5659576
348,2021-11-22 12:00:00-05:00,163.5200958251953,164.0,163.3800048828125,163.60020446777344,163.60020446777344,3897974
349,2021-11-22 12:15:00-05:00,163.60000610351562,163.8699951171875,163.0399932861328,163.38499450683594,163.38499450683594,2857193
350,2021-11-22 12:30:00-05:00,163.38499450683594,164.22000122070312,163.3300018310547,164.2100067138672,164.2100067138672,3672603
351,2021-11-22 12:45:00-05:00,164.2100067138672,164.3800048828125,163.80999755859375,163.94500732421875,163.94500732421875,2272185
352,2021-11-22 13:00:00-05:00,163.94500732421875,163.97999572753906,163.52000427246094,163.66700744628906,163.66700744628906,2006602
353,2021-11-22 13:15:00-05:00,163.6699981689453,163.80999755859375,163.3300018310547,163.36459350585938,163.36459350585938,1695765
354,2021-11-22 13:30:00-05:00,163.3699951171875,163.72000122070312,163.33999633789062,163.53500366210938,163.53500366210938,1467109
355,2021-11-22 13:45:00-05:00,163.52999877929688,163.83999633789062,163.52000427246094,163.67999267578125,163.67999267578125,1482655
356,2021-11-22 14:00:00-05:00,163.69000244140625,164.24000549316406,163.60000610351562,164.21380615234375,164.21380615234375,1882070
357,2021-11-22 14:15:00-05:00,164.2198944091797,164.27999877929688,163.88999938964844,164.0050048828125,164.0050048828125,1741303
358,2021-11-22 14:30:00-05:00,164.00999450683594,164.1999969482422,163.9810028076172,164.0449981689453,164.0449981689453,1336056
359,2021-11-22 14:45:00-05:00,164.0469970703125,164.0574951171875,163.67999267578125,163.7989044189453,163.7989044189453,1681990
360,2021-11-22 15:00:00-05:00,163.8000030517578,164.0,163.63999938964844,163.6573944091797,163.6573944091797,1772577
361,2021-11-22 15:15:00-05:00,163.65499877929688,163.85000610351562,163.4550018310547,163.5614013671875,163.5614013671875,1802663
362,2021-11-22 15:30:00-05:00,163.56500244140625,163.56500244140625,162.55999755859375,162.57000732421875,162.57000732421875,3416917
363,2021-11-22 15:45:00-05:00,162.5756072998047,162.74000549316406,161.0,161.0800018310547,161.0800018310547,8923374
364,2021-11-23 09:30:00-05:00,161.1199951171875,161.8000030517578,159.7017059326172,160.1999969482422,160.1999969482422,10373491
365,2021-11-23 09:45:00-05:00,160.25,161.0,160.24000549316406,160.73500061035156,160.73500061035156,4200717
366,2021-11-23 10:00:00-05:00,160.73500061035156,160.86000061035156,159.0601043701172,159.60000610351562,159.60000610351562,5593066
367,2021-11-23 10:15:00-05:00,159.61000061035156,159.9199981689453,159.32000732421875,159.6649932861328,159.6649932861328,3714792
368,2021-11-23 10:30:00-05:00,159.66000366210938,160.27999877929688,159.5449981689453,160.0800018310547,160.0800018310547,3780955
369,2021-11-23 10:45:00-05:00,160.07009887695312,160.5800018310547,159.67999267578125,159.9600067138672,159.9600067138672,3268642
370,2021-11-23 11:00:00-05:00,159.95440673828125,160.3800048828125,159.72000122070312,160.26600646972656,160.26600646972656,3482751
371,2021-11-23 11:15:00-05:00,160.25999450683594,160.49000549316406,159.85000610351562,160.25999450683594,160.25999450683594,2551125
372,2021-11-23 11:30:00-05:00,160.25999450683594,160.44000244140625,159.32000732421875,159.3300018310547,159.3300018310547,3316069
373,2021-11-23 11:45:00-05:00,159.3350067138672,160.1699981689453,159.22999572753906,159.82000732421875,159.82000732421875,4101210
374,2021-11-23 12:00:00-05:00,159.82000732421875,159.91000366210938,159.42999267578125,159.4550018310547,159.4550018310547,2612861
375,2021-11-23 12:15:00-05:00,159.4550018310547,160.2899932861328,159.4550018310547,160.2200927734375,160.2200927734375,2198238
376,2021-11-23 12:30:00-05:00,160.22000122070312,160.61000061035156,159.89999389648438,160.02999877929688,160.02999877929688,2710446
377,2021-11-23 12:45:00-05:00,160.02999877929688,160.24000549316406,159.72999572753906,159.781005859375,159.781005859375,1922855
378,2021-11-23 13:00:00-05:00,159.77999877929688,160.11000061035156,159.60000610351562,159.77999877929688,159.77999877929688,1794642
379,2021-11-23 13:15:00-05:00,159.7899932861328,159.83999633789062,159.2100067138672,159.30999755859375,159.30999755859375,1875646
380,2021-11-23 13:30:00-05:00,159.3000030517578,159.4792022705078,159.0800018310547,159.24000549316406,159.24000549316406,2113852
381,2021-11-23 13:45:00-05:00,159.23500061035156,160.0814971923828,159.22999572753906,160.01499938964844,160.01499938964844,2701095
382,2021-11-23 14:00:00-05:00,160.02000427246094,160.24000549316406,159.84010314941406,160.1300048828125,160.1300048828125,2120004
383,2021-11-23 14:15:00-05:00,160.1199951171875,160.1699981689453,159.8300018310547,160.0449981689453,160.0449981689453,3864551
384,2021-11-23 14:30:00-05:00,160.0399932861328,160.1898956298828,159.82000732421875,160.0399932861328,160.0399932861328,2171302
385,2021-11-23 14:45:00-05:00,160.02999877929688,160.89999389648438,159.97000122070312,160.8800048828125,160.8800048828125,2885312
386,2021-11-23 15:00:00-05:00,160.88999938964844,161.10000610351562,160.53500366210938,161.02999877929688,161.02999877929688,2948714
387,2021-11-23 15:15:00-05:00,161.03500366210938,161.1699981689453,160.6699981689453,160.72999572753906,160.72999572753906,2287359
388,2021-11-23 15:30:00-05:00,160.7200927734375,161.2270965576172,160.64999389648438,161.1750030517578,161.1750030517578,2456913
389,2021-11-23 15:45:00-05:00,161.1737060546875,161.69000244140625,160.94000244140625,161.41000366210938,161.41000366210938,6607928
390,2021-11-24 09:30:00-05:00,160.75,161.38999938964844,160.22999572753906,160.53500366210938,160.53500366210938,7172633
391,2021-11-24 09:45:00-05:00,160.52000427246094,160.72000122070312,159.72000122070312,159.97000122070312,159.97000122070312,4143102
392,2021-11-24 10:00:00-05:00,159.9604034423828,160.5500030517578,159.63999938964844,160.07000732421875,160.07000732421875,3809702
393,2021-11-24 10:15:00-05:00,160.06500244140625,160.5399932861328,159.8199005126953,160.38499450683594,160.38499450683594,2668311
394,2021-11-24 10:30:00-05:00,160.39500427246094,160.92999267578125,160.3000030517578,160.53500366210938,160.53500366210938,3080055
395,2021-11-24 10:45:00-05:00,160.53140258789062,161.11500549316406,160.4600067138672,161.08999633789062,161.08999633789062,2470574
396,2021-11-24 11:00:00-05:00,161.0800018310547,161.1699981689453,160.6999969482422,161.11000061035156,161.11000061035156,2072860
397,2021-11-24 11:15:00-05:00,161.1199951171875,161.8800048828125,161.07000732421875,161.75,161.75,2878319
398,2021-11-24 11:30:00-05:00,161.75999450683594,161.97999572753906,161.4600067138672,161.60000610351562,161.60000610351562,2704695
399,2021-11-24 11:45:00-05:00,161.58999633789062,161.72999572753906,161.24000549316406,161.26229858398438,161.26229858398438,1859321
400,2021-11-24 12:00:00-05:00,161.25999450683594,161.6300048828125,161.13999938964844,161.60000610351562,161.60000610351562,1712999
401,2021-11-24 12:15:00-05:00,161.58999633789062,161.60000610351562,160.9199981689453,161.12010192871094,161.12010192871094,1607795
402,2021-11-24 12:30:00-05:00,161.1199951171875,161.3800048828125,161.05999755859375,161.35000610351562,161.35000610351562,1285903
403,2021-11-24 12:45:00-05:00,161.35000610351562,161.58999633789062,161.32000732421875,161.50999450683594,161.50999450683594,1462182
404,2021-11-24 13:00:00-05:00,161.5,161.74000549316406,161.17999267578125,161.34500122070312,161.34500122070312,2091553
405,2021-11-24 13:15:00-05:00,161.34500122070312,161.5,161.21490478515625,161.35000610351562,161.35000610351562,1582241
406,2021-11-24 13:30:00-05:00,161.36000061035156,161.38999938964844,161.0399932861328,161.1199951171875,161.1199951171875,1325028
407,2021-11-24 13:45:00-05:00,161.11000061035156,161.1699981689453,160.91000366210938,160.9987030029297,160.9987030029297,1038819
408,2021-11-24 14:00:00-05:00,160.99009704589844,161.29800415039062,160.49049377441406,160.6488037109375,160.6488037109375,2281640
409,2021-11-24 14:15:00-05:00,160.64999389648438,160.92999267578125,160.63270568847656,160.69149780273438,160.69149780273438,1620333
410,2021-11-24 14:30:00-05:00,160.69000244140625,160.97999572753906,160.66000366210938,160.9730987548828,160.9730987548828,1161234
411,2021-11-24 14:45:00-05:00,160.9700927734375,161.14999389648438,160.85000610351562,161.0,161.0,1432915
412,2021-11-24 15:00:00-05:00,161.0,161.24000549316406,160.8000030517578,161.2299041748047,161.2299041748047,1354622
413,2021-11-24 15:15:00-05:00,161.22000122070312,161.57000732421875,161.17999267578125,161.33749389648438,161.33749389648438,1932198
414,2021-11-24 15:30:00-05:00,161.3350067138672,161.52999877929688,161.1199951171875,161.5,161.5,2246618
415,2021-11-24 15:45:00-05:00,161.5,162.13999938964844,161.39500427246094,161.94000244140625,161.94000244140625,5677375
416,2021-11-26 09:30:00-05:00,159.56500244140625,160.4499969482422,159.25999450683594,159.272705078125,159.272705078125,9449413
417,2021-11-26 09:45:00-05:00,159.0,159.0500030517578,158.47999572753906,158.75,158.75,5689017
418,2021-11-26 10:00:00-05:00,158.74000549316406,158.97000122070312,158.00999450683594,158.11289978027344,158.11289978027344,4183609
419,2021-11-26 10:15:00-05:00,158.11990356445312,158.35000610351562,157.5800018310547,158.13999938964844,158.13999938964844,4860911
420,2021-11-26 10:30:00-05:00,158.14999389648438,158.24000549316406,157.74000549316406,157.89500427246094,157.89500427246094,3181982
421,2021-11-26 10:45:00-05:00,157.8800048828125,157.99000549316406,157.42999267578125,157.610107421875,157.610107421875,3696468
422,2021-11-26 11:00:00-05:00,157.61000061035156,157.61500549316406,156.89999389648438,157.05870056152344,157.05870056152344,4407755
423,2021-11-26 11:15:00-05:00,157.0399932861328,157.4499969482422,156.9199981689453,157.44000244140625,157.44000244140625,3617586
424,2021-11-26 11:30:00-05:00,157.44000244140625,158.0399932861328,157.24000549316406,157.9600067138672,157.9600067138672,3309816
425,2021-11-26 11:45:00-05:00,157.97000122070312,158.18499755859375,157.80999755859375,158.08999633789062,158.08999633789062,3030534
426,2021-11-26 12:00:00-05:00,158.08999633789062,158.22500610351562,157.625,157.72000122070312,157.72000122070312,2860961
427,2021-11-26 12:15:00-05:00,157.72999572753906,157.8699951171875,157.47999572753906,157.75999450683594,157.75999450683594,2788573
428,2021-11-26 12:30:00-05:00,157.75,157.8800048828125,157.38999938964844,157.4250030517578,157.4250030517578,3609056
429,2021-11-26 12:45:00-05:00,157.4199981689453,157.69000244140625,156.36000061035156,156.8800048828125,156.8800048828125,10927983
430,2021-11-26 13:00:00-05:00,156.8800048828125,157.82949829101562,156.80999755859375,157.3000030517578,157.3000030517578,0
431,2021-11-29 09:30:00-05:00,159.65660095214844,160.19000244140625,159.0800018310547,160.1699981689453,160.1699981689453,10671511
432,2021-11-29 09:45:00-05:00,159.83999633789062,160.5601043701172,159.4600067138672,160.24000549316406,160.24000549316406,5781958
433,2021-11-29 10:00:00-05:00,160.22999572753906,160.52999877929688,159.8000030517578,159.94000244140625,159.94000244140625,4456962
434,2021-11-29 10:15:00-05:00,159.9499969482422,160.1199951171875,159.3300018310547,159.40989685058594,159.40989685058594,3889695
435,2021-11-29 10:30:00-05:00,159.40499877929688,159.49000549316406,158.91000366210938,159.37010192871094,159.37010192871094,3309896
436,2021-11-29 10:45:00-05:00,159.38999938964844,159.5399932861328,158.79010009765625,159.1999969482422,159.1999969482422,2929424
437,2021-11-29 11:00:00-05:00,159.2100067138672,159.4600067138672,158.9499969482422,159.4199981689453,159.4199981689453,2234786
438,2021-11-29 11:15:00-05:00,159.42999267578125,159.72000122070312,159.27999877929688,159.52000427246094,159.52000427246094,2153052
439,2021-11-29 11:30:00-05:00,159.52000427246094,160.1300048828125,159.4499969482422,160.09860229492188,160.09860229492188,2438538
440,2021-11-29 11:45:00-05:00,160.09500122070312,160.44000244140625,160.00999450683594,160.36000061035156,160.36000061035156,2013572
441,2021-11-29 12:00:00-05:00,160.3643035888672,160.6999969482422,160.19000244140625,160.58419799804688,160.58419799804688,2710980
442,2021-11-29 12:15:00-05:00,160.5800018310547,160.69000244140625,160.3800048828125,160.55499267578125,160.55499267578125,1961392
443,2021-11-29 12:30:00-05:00,160.55499267578125,160.86000061035156,160.3800048828125,160.8300018310547,160.8300018310547,2292305
444,2021-11-29 12:45:00-05:00,160.8300018310547,160.8800048828125,160.5,160.52499389648438,160.52499389648438,1848152
445,2021-11-29 13:00:00-05:00,160.52999877929688,160.7100067138672,160.4499969482422,160.52999877929688,160.52999877929688,1377879
446,2021-11-29 13:15:00-05:00,160.52499389648438,160.6999969482422,160.4499969482422,160.6750030517578,160.6750030517578,1444582
447,2021-11-29 13:30:00-05:00,160.6748046875,160.9199981689453,160.6199951171875,160.80990600585938,160.80990600585938,1769431
448,2021-11-29 13:45:00-05:00,160.8000030517578,161.19000244140625,160.77999877929688,161.00999450683594,161.00999450683594,1778062
449,2021-11-29 14:00:00-05:00,161.00999450683594,161.11000061035156,160.7899932861328,160.8699951171875,160.8699951171875,1613632
450,2021-11-29 14:15:00-05:00,160.8612060546875,160.9600067138672,160.39999389648438,160.48500061035156,160.48500061035156,1803457
451,2021-11-29 14:30:00-05:00,160.49000549316406,160.72999572753906,160.47500610351562,160.72000122070312,160.72000122070312,1623844
452,2021-11-29 14:45:00-05:00,160.7200927734375,160.97999572753906,160.6300048828125,160.75999450683594,160.75999450683594,1671312
453,2021-11-29 15:00:00-05:00,160.75999450683594,160.85000610351562,160.49000549316406,160.72500610351562,160.72500610351562,1944559
454,2021-11-29 15:15:00-05:00,160.72500610351562,160.80499267578125,160.27000427246094,160.34500122070312,160.34500122070312,1876159
455,2021-11-29 15:30:00-05:00,160.3300018310547,160.35000610351562,160.10499572753906,160.25999450683594,160.25999450683594,4209789
456,2021-11-29 15:45:00-05:00,160.25999450683594,160.5,159.97999572753906,160.22999572753906,160.22999572753906,8905240
457,2021-11-30 09:30:00-05:00,159.98500061035156,160.7899932861328,159.9199981689453,160.75,160.75,7457053
458,2021-11-30 09:45:00-05:00,161.0,162.3000030517578,160.789306640625,162.08999633789062,162.08999633789062,7058376
459,2021-11-30 10:00:00-05:00,162.10000610351562,163.83999633789062,162.00889587402344,163.4199981689453,163.4199981689453,8498799
460,2021-11-30 10:15:00-05:00,163.4199981689453,164.22000122070312,163.39500427246094,164.05999755859375,164.05999755859375,7213109
461,2021-11-30 10:30:00-05:00,164.05999755859375,164.5800018310547,163.72000122070312,164.27999877929688,164.27999877929688,6903132
462,2021-11-30 10:45:00-05:00,164.2899932861328,164.32000732421875,162.14999389648438,162.14999389648438,162.14999389648438,8890984
463,2021-11-30 11:00:00-05:00,162.1699981689453,162.97999572753906,161.83999633789062,162.94000244140625,162.94000244140625,7341198
464,2021-11-30 11:15:00-05:00,162.92999267578125,163.44000244140625,162.5,163.10000610351562,163.10000610351562,5237779
465,2021-11-30 11:30:00-05:00,163.08999633789062,163.22999572753906,162.61000061035156,162.8090057373047,162.8090057373047,4776617
466,2021-11-30 11:45:00-05:00,162.8000030517578,163.10000610351562,162.02000427246094,162.52999877929688,162.52999877929688,4812337
467,2021-11-30 12:00:00-05:00,162.52999877929688,163.4199981689453,162.03500366210938,162.82040405273438,162.82040405273438,4760553
468,2021-11-30 12:15:00-05:00,162.8249969482422,163.67999267578125,162.65499877929688,163.4499969482422,163.4499969482422,4111909
469,2021-11-30 12:30:00-05:00,163.4499969482422,164.24000549316406,163.06500244140625,164.07000732421875,164.07000732421875,4037313
470,2021-11-30 12:45:00-05:00,164.07000732421875,164.25999450683594,163.30999755859375,163.5749969482422,163.5749969482422,3342348
471,2021-11-30 13:00:00-05:00,163.58999633789062,163.77000427246094,163.2100067138672,163.3350067138672,163.3350067138672,2357939
472,2021-11-30 13:15:00-05:00,163.33999633789062,163.7899932861328,163.1300048828125,163.75889587402344,163.75889587402344,2683591
473,2021-11-30 13:30:00-05:00,163.75999450683594,164.3372039794922,163.6999969482422,164.01010131835938,164.01010131835938,3931740
474,2021-11-30 13:45:00-05:00,164.01499938964844,164.3699951171875,163.66000366210938,164.33999633789062,164.33999633789062,2869338
475,2021-11-30 14:00:00-05:00,164.33999633789062,164.58999633789062,163.92999267578125,164.5050048828125,164.5050048828125,3788528
476,2021-11-30 14:15:00-05:00,164.50999450683594,164.9199981689453,164.47000122070312,164.50999450683594,164.50999450683594,4017664
477,2021-11-30 14:30:00-05:00,164.52000427246094,164.86000061035156,164.30499267578125,164.46499633789062,164.46499633789062,3452521
478,2021-11-30 14:45:00-05:00,164.47000122070312,164.5749969482422,164.02999877929688,164.22999572753906,164.22999572753906,3469143
479,2021-11-30 15:00:00-05:00,164.22999572753906,164.6199951171875,163.97000122070312,164.02000427246094,164.02000427246094,3817706
480,2021-11-30 15:15:00-05:00,164.01150512695312,164.1300048828125,163.42999267578125,163.50999450683594,163.50999450683594,4716347
481,2021-11-30 15:30:00-05:00,163.5,164.14999389648438,163.35000610351562,164.09500122070312,164.09500122070312,4669942
482,2021-11-30 15:45:00-05:00,164.10000610351562,165.52000427246094,163.0500030517578,165.42999267578125,165.42999267578125,14420753
483,2021-12-01 09:30:00-05:00,166.83999633789062,167.6999969482422,166.08999633789062,167.63999938964844,167.63999938964844,15670425
484,2021-12-01 09:45:00-05:00,167.5,168.2899932861328,166.92999267578125,168.27000427246094,168.27000427246094,8573652
485,2021-12-01 10:00:00-05:00,168.27000427246094,168.4499969482422,167.74000549316406,167.9600067138672,167.9600067138672,6216331
486,2021-12-01 10:15:00-05:00,167.9499969482422,168.1999969482422,167.10000610351562,167.6199951171875,167.6199951171875,5427225
487,2021-12-01 10:30:00-05:00,167.6199951171875,169.0500030517578,167.61000061035156,168.7100067138672,168.7100067138672,5647486
488,2021-12-01 10:45:00-05:00,168.71710205078125,169.5,168.52999877929688,169.3699951171875,169.3699951171875,6271980
489,2021-12-01 11:00:00-05:00,169.3699951171875,169.99000549316406,169.1199951171875,169.88499450683594,169.88499450683594,5505504
490,2021-12-01 11:15:00-05:00,169.88999938964844,170.1999969482422,169.7100067138672,169.8448028564453,169.8448028564453,6226455
491,2021-12-01 11:30:00-05:00,169.85000610351562,170.0,169.1199951171875,169.82000732421875,169.82000732421875,4962529
492,2021-12-01 11:45:00-05:00,169.8300018310547,170.00999450683594,169.07989501953125,169.2613067626953,169.2613067626953,4174087
493,2021-12-01 12:00:00-05:00,169.27000427246094,169.82789611816406,169.1199951171875,169.66000366210938,169.66000366210938,3083339
494,2021-12-01 12:15:00-05:00,169.6649932861328,169.9698944091797,169.63999938964844,169.89999389648438,169.89999389648438,2775946
495,2021-12-01 12:30:00-05:00,169.89999389648438,170.0,169.61000061035156,169.94869995117188,169.94869995117188,3010898
496,2021-12-01 12:45:00-05:00,169.94000244140625,170.3000030517578,169.05999755859375,169.1199951171875,169.1199951171875,4861405
497,2021-12-01 13:00:00-05:00,169.1300048828125,169.6699981689453,168.4600067138672,168.8406982421875,168.8406982421875,4888873
498,2021-12-01 13:15:00-05:00,168.85000610351562,169.4499969482422,168.5500030517578,169.36990356445312,169.36990356445312,3606264
499,2021-12-01 13:30:00-05:00,169.35499572753906,169.35499572753906,168.41000366210938,168.63499450683594,168.63499450683594,3403277
500,2021-12-01 13:45:00-05:00,168.6300048828125,168.6300048828125,167.3800048828125,168.38360595703125,168.38360595703125,5088401
501,2021-12-01 14:00:00-05:00,168.3800048828125,168.38999938964844,167.25999450683594,167.47999572753906,167.47999572753906,3283981
502,2021-12-01 14:15:00-05:00,167.4967041015625,168.11000061035156,167.00999450683594,167.94000244140625,167.94000244140625,3856574
503,2021-12-01 14:30:00-05:00,167.92999267578125,168.2100067138672,167.35000610351562,167.5,167.5,3058674
504,2021-12-01 14:45:00-05:00,167.50999450683594,167.92999267578125,167.0850067138672,167.17999267578125,167.17999267578125,2650612
505,2021-12-01 15:00:00-05:00,167.1699981689453,167.4488067626953,165.7100067138672,166.10299682617188,166.10299682617188,5118865
506,2021-12-01 15:15:00-05:00,166.10000610351562,166.10000610351562,164.77000427246094,165.57000732421875,165.57000732421875,6226233
507,2021-12-01 15:30:00-05:00,165.55999755859375,166.88999938964844,165.25,166.82989501953125,166.82989501953125,5785111
508,2021-12-01 15:45:00-05:00,166.8300018310547,166.8800048828125,164.52999877929688,164.6699981689453,164.6699981689453,9717034
509,2021-12-02 09:30:00-05:00,159.0,160.89999389648438,158.99000549316406,159.8800048828125,159.8800048828125,22558610
510,2021-12-02 09:45:00-05:00,159.75,161.58999633789062,159.72000122070312,161.36900329589844,161.36900329589844,8629518
511,2021-12-02 10:00:00-05:00,161.3699951171875,161.3699951171875,159.47999572753906,160.0601043701172,160.0601043701172,6621705
512,2021-12-02 10:15:00-05:00,160.07000732421875,160.39999389648438,159.47999572753906,160.14010620117188,160.14010620117188,5368796
513,2021-12-02 10:30:00-05:00,160.14999389648438,160.42999267578125,159.13999938964844,159.18820190429688,159.18820190429688,4477671
514,2021-12-02 10:45:00-05:00,159.19000244140625,160.73989868164062,159.02999877929688,160.49009704589844,160.49009704589844,5131719
515,2021-12-02 11:00:00-05:00,160.49000549316406,161.4499969482422,160.2100067138672,161.1699981689453,161.1699981689453,4940824
516,2021-12-02 11:15:00-05:00,161.17999267578125,162.1300048828125,161.14999389648438,161.96499633789062,161.96499633789062,4970662
517,2021-12-02 11:30:00-05:00,161.97000122070312,162.05990600585938,160.9499969482422,161.47999572753906,161.47999572753906,4611120
518,2021-12-02 11:45:00-05:00,161.4799041748047,162.47999572753906,161.22000122070312,162.375,162.375,3719711
519,2021-12-02 12:00:00-05:00,162.3699951171875,162.72000122070312,162.08009338378906,162.6999053955078,162.6999053955078,3619372
520,2021-12-02 12:15:00-05:00,162.6999969482422,163.6999969482422,162.55999755859375,163.42999267578125,163.42999267578125,4660556
521,2021-12-02 12:30:00-05:00,163.4250030517578,163.50999450683594,162.67999267578125,163.14999389648438,163.14999389648438,3655876
522,2021-12-02 12:45:00-05:00,163.16000366210938,163.64999389648438,162.77000427246094,163.08999633789062,163.08999633789062,3663624
523,2021-12-02 13:00:00-05:00,163.11000061035156,163.4600067138672,162.55999755859375,163.4600067138672,163.4600067138672,3418385
524,2021-12-02 13:15:00-05:00,163.47000122070312,163.5399932861328,162.69000244140625,162.83999633789062,162.83999633789062,2789955
525,2021-12-02 13:30:00-05:00,162.85000610351562,163.24000549316406,162.72999572753906,162.9600067138672,162.9600067138672,2153364
526,2021-12-02 13:45:00-05:00,162.97000122070312,163.4499969482422,162.5399932861328,163.4197998046875,163.4197998046875,2662952
527,2021-12-02 14:00:00-05:00,163.4199981689453,163.8000030517578,163.22000122070312,163.4862060546875,163.4862060546875,3419152
528,2021-12-02 14:15:00-05:00,163.47000122070312,163.97999572753906,163.3800048828125,163.77999877929688,163.77999877929688,3267682
529,2021-12-02 14:30:00-05:00,163.77000427246094,163.9698944091797,163.50999450683594,163.58999633789062,163.58999633789062,2521677
530,2021-12-02 14:45:00-05:00,163.5749969482422,163.61000061035156,162.92999267578125,163.4199981689453,163.4199981689453,2756265
531,2021-12-02 15:00:00-05:00,163.4199981689453,163.88999938964844,163.30999755859375,163.55999755859375,163.55999755859375,2975943
532,2021-12-02 15:15:00-05:00,163.55999755859375,163.72999572753906,163.35000610351562,163.4600067138672,163.4600067138672,2178467
533,2021-12-02 15:30:00-05:00,163.4499969482422,164.1999969482422,163.42999267578125,163.9300994873047,163.9300994873047,3489243
534,2021-12-02 15:45:00-05:00,163.92999267578125,163.99000549316406,163.1300048828125,163.7899932861328,163.7899932861328,7166851
535,2021-12-02 16:00:00-05:00,163.75999450683594,163.75999450683594,163.75999450683594,163.75999450683594,163.75999450683594,0
2021-12-07 09:30:00-05:00,,169.0800018310547,170.25,168.33999633789062,170.25,170.25,13824804
2021-12-07 09:45:00-05:00,,170.25,170.77999877929688,169.86500549316406,170.1551971435547,170.1551971435547,8620805
2021-12-07 10:00:00-05:00,,170.14999389648438,170.9499969482422,169.97000122070312,170.802001953125,170.802001953125,5570955
2021-12-07 10:15:00-05:00,,170.7899932861328,170.88999938964844,170.25059509277344,170.38999938964844,170.38999938964844,4922463
2021-12-07 10:30:00-05:00,,170.39999389648438,170.77000427246094,170.27999877929688,170.64089965820312,170.64089965820312,3193320
2021-12-07 10:45:00-05:00,,170.66000366210938,171.27999877929688,170.5800018310547,170.7449951171875,170.7449951171875,5621956
2021-12-07 11:00:00-05:00,,170.74000549316406,171.22500610351562,170.6999969482422,170.76499938964844,170.76499938964844,3427666
2021-12-07 11:15:00-05:00,,170.7550048828125,170.94000244140625,170.49000549316406,170.58819580078125,170.58819580078125,2748308
2021-12-07 11:30:00-05:00,,170.5850067138672,171.27000427246094,170.47999572753906,171.22500610351562,171.22500610351562,3313698
2021-12-07 11:45:00-05:00,,171.22500610351562,171.477294921875,171.00999450683594,171.0666046142578,171.0666046142578,3602462
2021-12-07 12:00:00-05:00,,171.07110595703125,171.1699981689453,170.80999755859375,171.1649932861328,171.1649932861328,2500868
2021-12-07 12:15:00-05:00,,171.1649932861328,171.5767059326172,171.1118927001953,171.5124969482422,171.5124969482422,2703015
2021-12-07 12:30:00-05:00,,171.52000427246094,171.5800018310547,171.22999572753906,171.27000427246094,171.27000427246094,2623134
2021-12-07 12:45:00-05:00,,171.26499938964844,171.30999755859375,170.91000366210938,171.11000061035156,171.11000061035156,2147444
2021-12-07 13:00:00-05:00,,171.10000610351562,171.13999938964844,170.63499450683594,170.7100067138672,170.7100067138672,2030117
2021-12-07 13:15:00-05:00,,170.7100067138672,171.0,170.7050018310547,170.86000061035156,170.86000061035156,1644362
2021-12-07 13:30:00-05:00,,170.8699951171875,170.9149932861328,170.36000061035156,170.43310546875,170.43310546875,2270317
2021-12-07 13:45:00-05:00,,170.431396484375,170.6278076171875,170.3209991455078,170.4499969482422,170.4499969482422,2041037
2021-12-07 14:00:00-05:00,,170.44000244140625,170.44500732421875,169.82000732421875,169.960205078125,169.960205078125,3140951
2021-12-07 14:15:00-05:00,,169.96499633789062,169.99000549316406,169.6999969482422,169.92849731445312,169.92849731445312,1926030
2021-12-07 14:30:00-05:00,,169.92999267578125,169.92999267578125,169.4499969482422,169.81170654296875,169.81170654296875,2080703
2021-12-07 14:45:00-05:00,,169.81689453125,170.11000061035156,169.75999450683594,169.94000244140625,169.94000244140625,2093253
2021-12-07 15:00:00-05:00,,169.92999267578125,169.97999572753906,169.8101043701172,169.9600067138672,169.9600067138672,324644
2021-12-07 15:03:28-05:00,,170.05999755859375,170.05999755859375,170.05999755859375,170.05999755859375,170.05999755859375,0
